{"general-settings":{"template":"temp-1","admin-menu-header":{"type":"image","image":{"url":"http:\/\/localhost\/everest-admin-theme\/wp-content\/uploads\/2017\/10\/Levis_logo.png"},"text":{"title":"Title Texts","subtitle":"Subtitle Texts"}},"background":{"type":"video","image":{"url":"http:\/\/localhost\/everest-admin-theme\/wp-content\/uploads\/2017\/08\/step2.png"},"background-color":{"color":"#6e4cd3"},"video":{"type":"html5","youtube":{"video-url":"http:\/\/youtube.com"},"viemo":{"video-url":"http:\/\/www.VIEMO.cm"},"html5":{"mp4-video-url":"http:\/\/localhost\/everest-admin-theme\/wp-content\/uploads\/2017\/08\/bg-image.jpg","webm-video-url":"http:\/\/localhost\/everest-admin-theme\/wp-content\/uploads\/2017\/08\/bg-image.jpg","ogv-video-url":"http:\/\/localhost\/everest-admin-theme\/wp-content\/uploads\/2017\/08\/bg-image.jpg"},"start-time":"10","end-time":"100"},"parallax":{"enable":"on","type":"scroll-opacity","speed":"0.8","enable-on-mobile-devices":"on"},"overlay":{"enable":"on","color":"#dd9933"}},"favicon":{"url":"http:\/\/localhost\/everest-admin-theme\/wp-content\/uploads\/2017\/10\/label-2780146_640.png"},"font-settings":{"google-fonts":"","font-size":"","font-color":""}},"admin_bar":{"layout":"absolute","menu":{"background_selection":{"type":"default","background-color":{"color":"#9a05b5"},"image":{"url":"http:\/\/localhost\/everest-admin-theme\/wp-content\/uploads\/2017\/08\/step2.png"}},"font-color":"","font-size":"","google-fonts":"","hover":{"background-color":"","font-color":""}},"sub_menu":{"background_selection":{"type":"default","background-color":{"color":"#39d600"},"image":{"url":"http:\/\/localhost\/everest-admin-theme\/wp-content\/uploads\/2017\/08\/bg-image.jpg"}},"font-color":"","font-size":"","google-fonts":"ABeeZee","hover":{"background-color":"","font-color":""}}},"dashboard":{"custom-widget":{"enable":"on","widget_title":"Testing","widget_content":"<strong>Some content<\/strong> goes here's <em>and\u00a0there's<\/em>\r\n<ul>\r\n \t<li>Testing<\/li>\r\n \t<li><strong>Testing<\/strong><\/li>\r\n<\/ul>"}},"admin_menu":{"width":"18","background_settings":{"type":"default","background-color":{"color":"#086308"},"image":{"url":"http:\/\/localhost\/everest-admin-theme\/wp-content\/uploads\/2017\/09\/vertical.jpg"}},"menu":{"background_selection":{"type":"default","background-color":{"color":"#9625ed"},"image":{"url":"http:\/\/localhost\/everest-admin-theme\/wp-content\/uploads\/2017\/08\/step2.png"}},"font-color":"","font-size":"","google-fonts":"","hover":{"background-color":"","font-color":""}},"sub_menu":{"background_selection":{"type":"default","background-color":{"color":"#0058e8"},"image":{"url":"http:\/\/localhost\/everest-admin-theme\/wp-content\/uploads\/2017\/08\/step2.png"}},"font-color":"","font-size":"","google-fonts":"ABeeZee","hover":{"background-color":"","font-color":""}}},"footer_info":{"left":{"custom_texts":{"enable":"on","content":"Some texts and <strong>some more<\/strong> texts |"},"mysql_version":{"enable":"on"},"php_version":{"enable":"on"}},"right":{"hide":"on","custom_texts":{"enable":"on","content":"Testing texts"},"php_version":{"enable":"on"}}},"custom_login":{"background":{"type":"image","image":{"url":"http:\/\/localhost\/everest-admin-theme\/wp-content\/uploads\/2017\/08\/bg-image.jpg"},"background-color":{"color":"#9b2670"},"video":{"type":"html5","youtube":{"video-url":"https:\/\/www.youtube.com\/watch?v=24Uz2OcbEmo"},"viemo":{"video-url":"https:\/\/vimeo.com\/236584808"},"html5":{"mp4-video-url":"http:\/\/localhost\/everest-admin-theme\/wp-content\/uploads\/2017\/10\/big_buck_bunny_720p_5mb.mp4","webm-video-url":"http:\/\/localhost\/everest-admin-theme\/wp-content\/uploads\/2017\/10\/big_buck_bunny_720p_5mb.mp4","ogv-video-url":"http:\/\/localhost\/everest-admin-theme\/wp-content\/uploads\/2017\/10\/big_buck_bunny_720p_5mb.mp4"},"start-time":"10","end-time":"50"},"parallax":{"enable":"on","type":"scroll","speed":"0.5"},"overlay":{"color":"rgba(242,99,99,0.69)"}},"login_form":{"logo":{"image-url":"","title":"Please visit the site","url":"http:\/\/google.com"},"error-message":{"invalid-username":"","invalid-password":""},"template":"template-9","background":{"type":"","image":{"url":"http:\/\/localhost\/everest-admin-theme\/wp-content\/uploads\/2017\/10\/home_images_02.jpg"},"overlay":{"color":"rgba(130,36,227,0.49)"},"background-color":{"color":"#102ba5"}}}}}